
<?xml version="1.0" encoding="UTF-8" standalone="yes"?>
<addon id="repository.reposo" name="Reposo oficial" version="1.1.0" provider-name="Reposo">
	<extension point="xbmc.addon.repository" name="Kodi-Mexico official Repo">
		<info compressed="false">https://raw.githubusercontent.com/osobrilloso/Reposo/master/addons.xml</info>
		<checksum>https://raw.githubusercontent.com/osobrilloso/Reposo/master/addons.xml.md5</checksum>
		<datadir zip="true">https://raw.githubusercontent.com/osobrilloso/Reposo/master</datadir>
	</extension>
	<extension point="xbmc.addon.metadata">
		<summary>Reposo repo oficial oso</summary>
   		<description lang="en">Instala los Addons de Reposo</description>
		<disclaimer></disclaimer>
		<platform>all</platform>
	</extension>
</addon>